{
  "img_size": 128,
  "class_names": [
    "men",
    "women"
  ],
  "demo_mode": false,
  "val_accuracy": 0.8592965006828308,
  "val_auc": 0.931355893611908
}